accession,protein_name,organism,functional_class,stratum,length,provider,status,identifier,mapping_level,identity_percent,coverage_percent,accession_match,confidence,confidence_kind,attempts,recovered,from_cache,response_time_s,error
P69905,Haemoglobin subunit alpha,Homo sapiens,oxygen_transport,short,142,rcsb,ok,1BZ1,M4,100.0,100.0,True,20.56,bfactor,1,False,False,4.741,
P69905,Haemoglobin subunit alpha,Homo sapiens,oxygen_transport,short,142,alphafold,ok,AF-P69905-F1,M4,100.0,100.0,True,98.04,plddt,2,False,False,1.043,
P69905,Haemoglobin subunit alpha,Homo sapiens,oxygen_transport,short,142,esmatlas,ok,ESMFold:142aa,M3,100.0,100.0,False,90.98,plddt,1,False,False,1.976,
P68871,Haemoglobin subunit beta,Homo sapiens,oxygen_transport,short,147,rcsb,ok,1DXT,M4,100.0,100.0,True,20.06,bfactor,1,False,False,5.35,
P68871,Haemoglobin subunit beta,Homo sapiens,oxygen_transport,short,147,alphafold,ok,AF-P68871-F1,M4,100.0,100.0,True,97.09,plddt,2,False,False,0.283,
P68871,Haemoglobin subunit beta,Homo sapiens,oxygen_transport,short,147,esmatlas,ok,ESMFold:147aa,M3,100.0,100.0,False,90.08,plddt,1,False,False,1.19,
P02144,Myoglobin,Homo sapiens,oxygen_transport,medium,154,rcsb,ok,3RGK,M3,98.69,99.35,True,13.21,bfactor,1,False,False,3.235,
P02144,Myoglobin,Homo sapiens,oxygen_transport,medium,154,alphafold,ok,AF-P02144-F1,M4,100.0,100.0,True,97.26,plddt,2,False,False,0.324,
P02144,Myoglobin,Homo sapiens,oxygen_transport,medium,154,esmatlas,ok,ESMFold:154aa,M3,100.0,100.0,False,89.31,plddt,1,False,False,0.71,
P68082,Myoglobin,Equus caballus,oxygen_transport,medium,154,rcsb,ok,5YL3,M4,100.0,100.0,True,14.99,bfactor,1,False,False,3.232,
P68082,Myoglobin,Equus caballus,oxygen_transport,medium,154,alphafold,ok,AF-P68082-F1,M4,100.0,100.0,True,96.86,plddt,2,False,False,0.296,
P68082,Myoglobin,Equus caballus,oxygen_transport,medium,154,esmatlas,ok,ESMFold:154aa,M3,100.0,100.0,False,88.88,plddt,1,False,False,0.622,
P00698,Lysozyme C,Gallus gallus,hydrolase,short,147,rcsb,ok,3B6L,M4,100.0,100.0,True,14.88,bfactor,1,False,False,3.544,
P00698,Lysozyme C,Gallus gallus,hydrolase,short,147,alphafold,ok,AF-P00698-F1,M4,100.0,100.0,True,93.97,plddt,2,False,False,0.34,
P00698,Lysozyme C,Gallus gallus,hydrolase,short,147,esmatlas,ok,ESMFold:147aa,M3,100.0,100.0,False,86.96,plddt,1,False,False,0.674,
P61626,Lysozyme C,Homo sapiens,hydrolase,short,148,rcsb,ok,1C46,M3,100.0,88.51,True,23.25,bfactor,1,False,False,4.128,
P61626,Lysozyme C,Homo sapiens,hydrolase,short,148,alphafold,ok,AF-P61626-F1,M4,100.0,100.0,True,94.43,plddt,2,False,False,0.324,
P61626,Lysozyme C,Homo sapiens,hydrolase,short,148,esmatlas,ok,ESMFold:148aa,M3,100.0,100.0,False,88.1,plddt,1,False,False,1.03,
P00720,Endolysin,Escherichia virus T4,hydrolase,medium,164,rcsb,ok,1LYD,M3,98.78,100.0,True,14.14,bfactor,1,False,False,4.043,
P00720,Endolysin,Escherichia virus T4,hydrolase,medium,164,alphafold,not_found,,M0,,,,,,1,False,False,0.237,"AlphaFold DB holds no model for P00720. This is a coverage gap in the database, not a service failure."
P00720,Endolysin,Escherichia virus T4,hydrolase,medium,164,esmatlas,ok,ESMFold:164aa,M3,100.0,100.0,False,89.59,plddt,1,False,False,1.556,
P00974,Pancreatic trypsin inhibitor,Bos taurus,protease_inhibitor,short,100,rcsb,ok,4BNR,M4,100.0,100.0,True,38.61,bfactor,1,False,False,4.443,
P00974,Pancreatic trypsin inhibitor,Bos taurus,protease_inhibitor,short,100,alphafold,ok,AF-P00974-F1,M4,100.0,100.0,True,84.14,plddt,2,False,False,0.381,
P00974,Pancreatic trypsin inhibitor,Bos taurus,protease_inhibitor,short,100,esmatlas,ok,ESMFold:100aa,M3,100.0,100.0,False,67.28,plddt,1,False,False,0.75,
P63165,Small ubiquitin-related modifier 1,Homo sapiens,post_translational_modifier,short,101,rcsb,ok,1A5R,M4,100.0,100.0,True,0.0,bfactor,1,False,False,4.398,
P63165,Small ubiquitin-related modifier 1,Homo sapiens,post_translational_modifier,short,101,alphafold,ok,AF-P63165-F1,M4,100.0,100.0,True,79.28,plddt,2,False,False,0.305,
P63165,Small ubiquitin-related modifier 1,Homo sapiens,post_translational_modifier,short,101,esmatlas,ok,ESMFold:101aa,M3,100.0,100.0,False,71.06,plddt,1,False,False,0.675,
P62979,Ubiquitin-40S ribosomal protein S27a,Homo sapiens,post_translational_modifier,medium,156,rcsb,not_found,,M0,,,,,,1,False,False,4.079,RCSB has no entry 22TU.
P62979,Ubiquitin-40S ribosomal protein S27a,Homo sapiens,post_translational_modifier,medium,156,alphafold,ok,AF-P62979-F1,M4,100.0,100.0,True,89.65,plddt,2,False,False,0.33,
P62979,Ubiquitin-40S ribosomal protein S27a,Homo sapiens,post_translational_modifier,medium,156,esmatlas,ok,ESMFold:156aa,M3,100.0,100.0,False,65.12,plddt,1,False,False,0.78,
P0CG48,Polyubiquitin-C,Homo sapiens,post_translational_modifier,long,685,rcsb,ok,8Q7R,M4,100.0,100.0,True,59.66,bfactor,1,False,False,6.175,
P0CG48,Polyubiquitin-C,Homo sapiens,post_translational_modifier,long,685,alphafold,ok,AF-P0CG48-F1,M4,100.0,100.0,True,88.99,plddt,2,False,False,0.531,
P0CG48,Polyubiquitin-C,Homo sapiens,post_translational_modifier,long,685,esmatlas,invalid_input,,M0,,,,,,0,False,False,,"Sequence is 685 aa. The public ESM Atlas endpoint is configured here for at most 400 aa because longer requests reliably time out. Use AlphaFold DB or RCSB for this protein, or raise esm_max_length in"
P0A6F9,10 kDa chaperonin,Escherichia coli,chaperone,short,97,rcsb,ok,1AON,M4,100.0,100.0,True,61.37,bfactor,1,False,False,5.205,
P0A6F9,10 kDa chaperonin,Escherichia coli,chaperone,short,97,alphafold,ok,AF-P0A6F9-F1,M4,100.0,100.0,True,89.1,plddt,2,False,False,0.275,
P0A6F9,10 kDa chaperonin,Escherichia coli,chaperone,short,97,esmatlas,ok,ESMFold:97aa,M3,100.0,100.0,False,77.57,plddt,1,False,False,0.649,
P0A6F5,60 kDa chaperonin,Escherichia coli,chaperone,long,548,rcsb,ok,7VWX,M4,100.0,100.0,True,553.3,bfactor,1,False,False,4.8,
P0A6F5,60 kDa chaperonin,Escherichia coli,chaperone,long,548,alphafold,ok,AF-P0A6F5-F1,M4,100.0,100.0,True,91.31,plddt,2,False,False,0.295,
P0A6F5,60 kDa chaperonin,Escherichia coli,chaperone,long,548,esmatlas,invalid_input,,M0,,,,,,0,False,False,,"Sequence is 548 aa. The public ESM Atlas endpoint is configured here for at most 400 aa because longer requests reliably time out. Use AlphaFold DB or RCSB for this protein, or raise esm_max_length in"
P61769,Beta-2-microglobulin,Homo sapiens,immune,short,119,rcsb,ok,3JTS,M4,100.0,100.0,True,38.73,bfactor,1,False,False,4.973,
P61769,Beta-2-microglobulin,Homo sapiens,immune,short,119,alphafold,ok,AF-P61769-F1,M4,100.0,100.0,True,94.43,plddt,2,False,False,0.307,
P61769,Beta-2-microglobulin,Homo sapiens,immune,short,119,esmatlas,ok,ESMFold:119aa,M3,100.0,100.0,False,83.88,plddt,1,False,False,0.701,
P01308,Insulin,Homo sapiens,hormone,short,110,rcsb,ok,6B3Q,M4,100.0,100.0,True,96.04,bfactor,1,False,False,5.226,
P01308,Insulin,Homo sapiens,hormone,short,110,alphafold,ok,AF-P01308-F1,M4,100.0,100.0,True,53.19,plddt,2,False,False,0.783,
P01308,Insulin,Homo sapiens,hormone,short,110,esmatlas,ok,ESMFold:110aa,M3,100.0,100.0,False,54.68,plddt,1,False,False,0.628,
P61823,Ribonuclease pancreatic,Bos taurus,hydrolase,medium,150,rcsb,ok,8R5V,M4,100.0,100.0,True,17.74,bfactor,1,False,False,3.757,
P61823,Ribonuclease pancreatic,Bos taurus,hydrolase,medium,150,alphafold,ok,AF-P61823-F1,M4,100.0,100.0,True,94.16,plddt,2,False,False,0.271,
P61823,Ribonuclease pancreatic,Bos taurus,hydrolase,medium,150,esmatlas,ok,ESMFold:150aa,M3,100.0,100.0,False,82.96,plddt,1,False,False,0.861,
P07998,Ribonuclease pancreatic,Homo sapiens,hydrolase,medium,156,rcsb,ok,1Z7X,M3,100.0,82.69,True,27.19,bfactor,1,False,False,6.769,
P07998,Ribonuclease pancreatic,Homo sapiens,hydrolase,medium,156,alphafold,ok,AF-P07998-F1,M4,100.0,100.0,True,92.87,plddt,2,False,False,0.285,
P07998,Ribonuclease pancreatic,Homo sapiens,hydrolase,medium,156,esmatlas,ok,ESMFold:156aa,M3,100.0,100.0,False,82.43,plddt,1,False,False,1.276,
P02766,Transthyretin,Homo sapiens,transport,short,147,rcsb,ok,4ANK,M4,100.0,100.0,True,17.7,bfactor,1,False,False,4.336,
P02766,Transthyretin,Homo sapiens,transport,short,147,alphafold,ok,AF-P02766-F1,M4,100.0,100.0,True,88.74,plddt,2,False,False,0.38,
P02766,Transthyretin,Homo sapiens,transport,short,147,esmatlas,ok,ESMFold:147aa,M3,100.0,100.0,False,73.29,plddt,1,False,False,1.007,
P0AE67,Chemotaxis protein CheY,Escherichia coli,signalling,short,129,rcsb,ok,1DJM,M4,100.0,100.0,True,0.0,bfactor,1,False,False,5.852,
P0AE67,Chemotaxis protein CheY,Escherichia coli,signalling,short,129,alphafold,ok,AF-P0AE67-F1,M4,100.0,100.0,True,97.09,plddt,2,False,False,0.299,
P0AE67,Chemotaxis protein CheY,Escherichia coli,signalling,short,129,esmatlas,ok,ESMFold:129aa,M3,100.0,100.0,False,86.6,plddt,1,False,False,1.097,
P62937,Peptidyl-prolyl cis-trans isomerase A,Homo sapiens,isomerase,medium,165,rcsb,ok,1AK4,M4,100.0,100.0,True,21.72,bfactor,1,False,False,5.57,
P62937,Peptidyl-prolyl cis-trans isomerase A,Homo sapiens,isomerase,medium,165,alphafold,ok,AF-P62937-F1,M4,100.0,100.0,True,98.05,plddt,2,False,False,0.797,
P62937,Peptidyl-prolyl cis-trans isomerase A,Homo sapiens,isomerase,medium,165,esmatlas,ok,ESMFold:165aa,M3,100.0,100.0,False,92.49,plddt,1,False,False,1.942,
P01112,GTPase HRas,Homo sapiens,signalling,medium,189,rcsb,ok,4Q21,M4,100.0,100.0,True,32.24,bfactor,1,False,False,15.273,
P01112,GTPase HRas,Homo sapiens,signalling,medium,189,alphafold,ok,AF-P01112-F1,M4,100.0,100.0,True,92.5,plddt,2,False,False,0.619,
P01112,GTPase HRas,Homo sapiens,signalling,medium,189,esmatlas,ok,ESMFold:189aa,M3,100.0,100.0,False,90.34,plddt,1,False,False,11.338,
P01116,GTPase KRas,Homo sapiens,signalling,medium,189,rcsb,ok,7VVB,M4,100.0,100.0,True,31.92,bfactor,1,False,False,3.944,
P01116,GTPase KRas,Homo sapiens,signalling,medium,189,alphafold,ok,AF-P01116-F1,M4,100.0,100.0,True,91.65,plddt,2,False,False,0.467,
P01116,GTPase KRas,Homo sapiens,signalling,medium,189,esmatlas,ok,ESMFold:189aa,M3,100.0,100.0,False,89.22,plddt,1,False,False,1.075,
P42212,Green fluorescent protein,Aequorea victoria,fluorescent_reporter,medium,238,rcsb,ok,1W7S,M4,99.15,99.16,True,17.63,bfactor,1,False,False,3.669,
P42212,Green fluorescent protein,Aequorea victoria,fluorescent_reporter,medium,238,alphafold,ok,AF-P42212-F1,M4,100.0,100.0,True,96.65,plddt,2,False,False,0.397,
P42212,Green fluorescent protein,Aequorea victoria,fluorescent_reporter,medium,238,esmatlas,ok,ESMFold:238aa,M3,100.0,100.0,False,40.1,plddt,1,False,False,1.421,
P00918,Carbonic anhydrase 2,Homo sapiens,lyase,medium,260,rcsb,ok,1CA3,M4,100.0,100.0,True,12.12,bfactor,1,False,False,5.018,
P00918,Carbonic anhydrase 2,Homo sapiens,lyase,medium,260,alphafold,ok,AF-P00918-F1,M4,100.0,100.0,True,97.38,plddt,2,False,False,0.268,
P00918,Carbonic anhydrase 2,Homo sapiens,lyase,medium,260,esmatlas,ok,ESMFold:260aa,M3,100.0,100.0,False,88.96,plddt,1,False,False,21.669,
P01584,Interleukin-1 beta,Homo sapiens,cytokine,medium,269,rcsb,ok,5MVZ,M1,21.07,89.96,True,66.72,bfactor,1,False,False,8.131,
P01584,Interleukin-1 beta,Homo sapiens,cytokine,medium,269,alphafold,ok,AF-P01584-F1,M4,100.0,100.0,True,76.24,plddt,2,False,False,0.293,
P01584,Interleukin-1 beta,Homo sapiens,cytokine,medium,269,esmatlas,ok,ESMFold:269aa,M3,100.0,100.0,False,68.17,plddt,1,False,False,1.764,
P24941,Cyclin-dependent kinase 2,Homo sapiens,kinase,medium,298,rcsb,not_found,,M0,,,,,,1,False,False,7.241,RCSB has no entry 11GV.
P24941,Cyclin-dependent kinase 2,Homo sapiens,kinase,medium,298,alphafold,ok,AF-P24941-F1,M4,100.0,100.0,True,88.55,plddt,2,False,False,0.295,
P24941,Cyclin-dependent kinase 2,Homo sapiens,kinase,medium,298,esmatlas,ok,ESMFold:298aa,M3,100.0,100.0,False,87.56,plddt,1,False,False,28.207,
P31749,RAC-alpha serine/threonine-protein kinase,Homo sapiens,kinase,long,480,rcsb,not_found,,M0,,,,,,1,False,False,5.572,RCSB has no entry 9AAA.
P31749,RAC-alpha serine/threonine-protein kinase,Homo sapiens,kinase,long,480,alphafold,ok,AF-P31749-F1,M4,100.0,100.0,True,83.62,plddt,2,False,False,0.349,
P31749,RAC-alpha serine/threonine-protein kinase,Homo sapiens,kinase,long,480,esmatlas,invalid_input,,M0,,,,,,0,False,False,,"Sequence is 480 aa. The public ESM Atlas endpoint is configured here for at most 400 aa because longer requests reliably time out. Use AlphaFold DB or RCSB for this protein, or raise esm_max_length in"
P01375,Tumour necrosis factor,Homo sapiens,cytokine,medium,233,rcsb,ok,6OP0,M2,100.0,67.81,True,35.95,bfactor,1,False,False,3.336,
P01375,Tumour necrosis factor,Homo sapiens,cytokine,medium,233,alphafold,ok,AF-P01375-F1,M4,100.0,100.0,True,84.72,plddt,2,False,False,0.325,
P01375,Tumour necrosis factor,Homo sapiens,cytokine,medium,233,esmatlas,ok,ESMFold:233aa,M3,100.0,100.0,False,85.87,plddt,1,False,False,1.759,
P09038,Fibroblast growth factor 2,Homo sapiens,growth_factor,medium,288,rcsb,ok,1II4,M1,26.27,75.35,True,39.16,bfactor,1,False,False,4.678,
P09038,Fibroblast growth factor 2,Homo sapiens,growth_factor,medium,288,alphafold,ok,AF-P09038-F1,M4,100.0,100.0,True,72.18,plddt,2,False,False,0.536,
P09038,Fibroblast growth factor 2,Homo sapiens,growth_factor,medium,288,esmatlas,ok,ESMFold:288aa,M3,100.0,100.0,False,78.51,plddt,1,False,False,1.29,
P04637,Cellular tumour antigen p53,Homo sapiens,transcription_factor,long,393,rcsb,ok,6XRE,M4,100.0,100.0,True,13.86,bfactor,1,False,False,6.133,
P04637,Cellular tumour antigen p53,Homo sapiens,transcription_factor,long,393,alphafold,ok,AF-P04637-F1,M4,100.0,100.0,True,75.83,plddt,2,False,False,0.358,
P04637,Cellular tumour antigen p53,Homo sapiens,transcription_factor,long,393,esmatlas,service_error,,M0,,,,,,3,False,False,90.28,"ESM Atlas did not return coordinates after 3 attempt(s). Last error: HTTP 504 - {""message"": ""Endpoint request timed out""}. A 504 here means the public service timed out, not that the sequence is inval"
P0AEX9,Maltose/maltodextrin-binding periplasmic protein,Escherichia coli,transport,long,396,rcsb,ok,8C8F,M4,100.0,100.0,True,10.38,bfactor,1,False,False,5.62,
P0AEX9,Maltose/maltodextrin-binding periplasmic protein,Escherichia coli,transport,long,396,alphafold,ok,AF-P0AEX9-F1,M4,100.0,100.0,True,94.54,plddt,2,False,False,0.536,
P0AEX9,Maltose/maltodextrin-binding periplasmic protein,Escherichia coli,transport,long,396,esmatlas,ok,ESMFold:396aa,M3,100.0,100.0,False,86.23,plddt,1,False,False,2.577,
P00760,Cationic trypsin,Bos taurus,protease,medium,246,rcsb,ok,30ZS,M4,99.59,100.0,True,12.25,bfactor,1,False,False,6.604,
P00760,Cationic trypsin,Bos taurus,protease,medium,246,alphafold,ok,AF-P00760-F1,M4,100.0,100.0,True,93.02,plddt,2,False,False,0.296,
P00760,Cationic trypsin,Bos taurus,protease,medium,246,esmatlas,ok,ESMFold:246aa,M3,100.0,100.0,False,95.19,plddt,1,False,False,1.79,
P00734,Prothrombin,Homo sapiens,protease,long,622,rcsb,ok,13ER,M3,98.39,100.0,True,120.07,bfactor,1,False,False,6.078,
P00734,Prothrombin,Homo sapiens,protease,long,622,alphafold,ok,AF-P00734-F1,M4,100.0,100.0,True,84.37,plddt,2,False,False,0.459,
P00734,Prothrombin,Homo sapiens,protease,long,622,esmatlas,invalid_input,,M0,,,,,,0,False,False,,"Sequence is 622 aa. The public ESM Atlas endpoint is configured here for at most 400 aa because longer requests reliably time out. Use AlphaFold DB or RCSB for this protein, or raise esm_max_length in"
P00441,Superoxide dismutase [Cu-Zn],Homo sapiens,oxidoreductase,medium,154,rcsb,ok,4B3E,M4,100.0,100.0,True,27.03,bfactor,1,False,False,21.762,
P00441,Superoxide dismutase [Cu-Zn],Homo sapiens,oxidoreductase,medium,154,alphafold,ok,AF-P00441-F1,M4,100.0,100.0,True,97.95,plddt,2,False,False,0.417,
P00441,Superoxide dismutase [Cu-Zn],Homo sapiens,oxidoreductase,medium,154,esmatlas,ok,ESMFold:154aa,M3,100.0,100.0,False,91.75,plddt,1,False,False,1.255,
P04406,Glyceraldehyde-3-phosphate dehydrogenase,Homo sapiens,oxidoreductase,long,335,rcsb,ok,1U8F,M4,100.0,100.0,True,15.42,bfactor,1,False,False,4.304,
P04406,Glyceraldehyde-3-phosphate dehydrogenase,Homo sapiens,oxidoreductase,long,335,alphafold,ok,AF-P04406-F1,M4,100.0,100.0,True,98.17,plddt,2,False,False,0.397,
P04406,Glyceraldehyde-3-phosphate dehydrogenase,Homo sapiens,oxidoreductase,long,335,esmatlas,ok,ESMFold:335aa,M3,100.0,100.0,False,85.97,plddt,1,False,False,1.892,
P60174,Triosephosphate isomerase,Homo sapiens,isomerase,medium,249,rcsb,ok,4POC,M4,100.0,100.0,True,39.51,bfactor,1,False,False,4.937,
P60174,Triosephosphate isomerase,Homo sapiens,isomerase,medium,249,alphafold,ok,AF-P60174-F1,M4,100.0,100.0,True,96.87,plddt,2,False,False,0.404,
P60174,Triosephosphate isomerase,Homo sapiens,isomerase,medium,249,esmatlas,ok,ESMFold:249aa,M3,100.0,100.0,False,96.33,plddt,1,False,False,1.701,
P00338,L-lactate dehydrogenase A chain,Homo sapiens,oxidoreductase,long,332,rcsb,ok,4ZVV,M4,100.0,100.0,True,35.78,bfactor,1,False,False,4.169,
P00338,L-lactate dehydrogenase A chain,Homo sapiens,oxidoreductase,long,332,alphafold,ok,AF-P00338-F1,M4,100.0,100.0,True,96.08,plddt,2,False,False,0.293,
P00338,L-lactate dehydrogenase A chain,Homo sapiens,oxidoreductase,long,332,esmatlas,ok,ESMFold:332aa,M3,100.0,100.0,False,84.29,plddt,1,False,False,1.761,
P06733,Alpha-enolase,Homo sapiens,lyase,long,434,rcsb,ok,2PSN,M4,100.0,100.0,True,22.86,bfactor,1,False,False,12.665,
P06733,Alpha-enolase,Homo sapiens,lyase,long,434,alphafold,ok,AF-P06733-F1,M4,100.0,100.0,True,97.68,plddt,2,False,False,0.366,
P06733,Alpha-enolase,Homo sapiens,lyase,long,434,esmatlas,invalid_input,,M0,,,,,,0,False,False,,"Sequence is 434 aa. The public ESM Atlas endpoint is configured here for at most 400 aa because longer requests reliably time out. Use AlphaFold DB or RCSB for this protein, or raise esm_max_length in"
P0DP23,Calmodulin-1,Homo sapiens,calcium_sensor,short,149,rcsb,not_found,,M0,,,,,,1,False,False,3.987,RCSB has no entry 10NK.
P0DP23,Calmodulin-1,Homo sapiens,calcium_sensor,short,149,alphafold,ok,AF-P0DP23-F1,M4,100.0,100.0,True,85.22,plddt,2,False,False,0.274,
P0DP23,Calmodulin-1,Homo sapiens,calcium_sensor,short,149,esmatlas,ok,ESMFold:149aa,M3,100.0,100.0,False,76.61,plddt,1,False,False,0.967,
P60709,Actin cytoplasmic 1,Homo sapiens,cytoskeleton,long,375,rcsb,service_error,,M0,,,,,,1,False,False,11.65,RCSB returned no coordinates for 21VV.
P60709,Actin cytoplasmic 1,Homo sapiens,cytoskeleton,long,375,alphafold,ok,AF-P60709-F1,M4,100.0,100.0,True,95.31,plddt,2,False,False,3.875,
P60709,Actin cytoplasmic 1,Homo sapiens,cytoskeleton,long,375,esmatlas,ok,ESMFold:375aa,M3,100.0,100.0,False,95.67,plddt,1,False,False,20.532,
P68363,Tubulin alpha-1B chain,Homo sapiens,cytoskeleton,long,451,rcsb,ok,3J8X,M3,100.0,100.0,False,0.0,bfactor,1,False,False,110.241,
P68363,Tubulin alpha-1B chain,Homo sapiens,cytoskeleton,long,451,alphafold,ok,AF-P68363-F1,M4,100.0,100.0,True,91.85,plddt,2,False,False,0.718,
P68363,Tubulin alpha-1B chain,Homo sapiens,cytoskeleton,long,451,esmatlas,invalid_input,,M0,,,,,,0,False,False,,"Sequence is 451 aa. The public ESM Atlas endpoint is configured here for at most 400 aa because longer requests reliably time out. Use AlphaFold DB or RCSB for this protein, or raise esm_max_length in"
P02768,Serum albumin,Homo sapiens,transport,long,609,rcsb,ok,4BKE,M4,100.0,100.0,True,58.71,bfactor,1,False,False,41.521,
P02768,Serum albumin,Homo sapiens,transport,long,609,alphafold,ok,AF-P02768-F1,M4,100.0,100.0,True,92.57,plddt,2,False,False,0.349,
P02768,Serum albumin,Homo sapiens,transport,long,609,esmatlas,invalid_input,,M0,,,,,,0,False,False,,"Sequence is 609 aa. The public ESM Atlas endpoint is configured here for at most 400 aa because longer requests reliably time out. Use AlphaFold DB or RCSB for this protein, or raise esm_max_length in"
P02769,Serum albumin,Bos taurus,transport,long,607,rcsb,ok,6QS9,M4,100.0,100.0,True,68.31,bfactor,1,False,False,7.021,
P02769,Serum albumin,Bos taurus,transport,long,607,alphafold,ok,AF-P02769-F1,M4,100.0,100.0,True,93.3,plddt,2,False,False,0.333,
P02769,Serum albumin,Bos taurus,transport,long,607,esmatlas,invalid_input,,M0,,,,,,0,False,False,,"Sequence is 607 aa. The public ESM Atlas endpoint is configured here for at most 400 aa because longer requests reliably time out. Use AlphaFold DB or RCSB for this protein, or raise esm_max_length in"
P01009,Alpha-1-antitrypsin,Homo sapiens,protease_inhibitor,long,418,rcsb,ok,3NE4,M4,100.0,100.0,True,26.09,bfactor,1,False,False,4.589,
P01009,Alpha-1-antitrypsin,Homo sapiens,protease_inhibitor,long,418,alphafold,ok,AF-P01009-F1,M4,100.0,100.0,True,89.14,plddt,2,False,False,0.394,
P01009,Alpha-1-antitrypsin,Homo sapiens,protease_inhibitor,long,418,esmatlas,invalid_input,,M0,,,,,,0,False,False,,"Sequence is 418 aa. The public ESM Atlas endpoint is configured here for at most 400 aa because longer requests reliably time out. Use AlphaFold DB or RCSB for this protein, or raise esm_max_length in"
P07900,Heat shock protein HSP 90-alpha,Homo sapiens,chaperone,long,732,rcsb,ok,7KRJ,M4,100.0,100.0,True,83.58,bfactor,1,False,False,13.999,
P07900,Heat shock protein HSP 90-alpha,Homo sapiens,chaperone,long,732,alphafold,ok,AF-P07900-F1,M4,100.0,100.0,True,85.55,plddt,2,False,False,4.346,
P07900,Heat shock protein HSP 90-alpha,Homo sapiens,chaperone,long,732,esmatlas,invalid_input,,M0,,,,,,0,False,False,,"Sequence is 732 aa. The public ESM Atlas endpoint is configured here for at most 400 aa because longer requests reliably time out. Use AlphaFold DB or RCSB for this protein, or raise esm_max_length in"
P11142,Heat shock cognate 71 kDa protein,Homo sapiens,chaperone,long,646,rcsb,ok,3C7N,M1,31.4,96.13,False,53.38,bfactor,1,False,False,53.146,
P11142,Heat shock cognate 71 kDa protein,Homo sapiens,chaperone,long,646,alphafold,ok,AF-P11142-F1,M4,100.0,100.0,True,89.01,plddt,2,False,False,2.372,
P11142,Heat shock cognate 71 kDa protein,Homo sapiens,chaperone,long,646,esmatlas,invalid_input,,M0,,,,,,0,False,False,,"Sequence is 646 aa. The public ESM Atlas endpoint is configured here for at most 400 aa because longer requests reliably time out. Use AlphaFold DB or RCSB for this protein, or raise esm_max_length in"
P0A6Y8,Chaperone protein DnaK,Escherichia coli,chaperone,long,638,rcsb,not_found,,M0,,,,,,1,False,False,14.147,RCSB has no entry 9A2I.
P0A6Y8,Chaperone protein DnaK,Escherichia coli,chaperone,long,638,alphafold,ok,AF-P0A6Y8-F1,M4,100.0,100.0,True,92.27,plddt,2,False,False,3.085,
P0A6Y8,Chaperone protein DnaK,Escherichia coli,chaperone,long,638,esmatlas,invalid_input,,M0,,,,,,0,False,False,,"Sequence is 638 aa. The public ESM Atlas endpoint is configured here for at most 400 aa because longer requests reliably time out. Use AlphaFold DB or RCSB for this protein, or raise esm_max_length in"
P37840,Alpha-synuclein,Homo sapiens,intrinsically_disordered,short,140,rcsb,ok,1XQ8,M4,100.0,100.0,True,4.62,bfactor,1,False,False,40.393,
P37840,Alpha-synuclein,Homo sapiens,intrinsically_disordered,short,140,alphafold,ok,AF-P37840-F1,M4,100.0,100.0,True,74.29,plddt,2,False,False,8.475,
P37840,Alpha-synuclein,Homo sapiens,intrinsically_disordered,short,140,esmatlas,ok,ESMFold:140aa,M3,100.0,100.0,False,31.48,plddt,1,False,False,13.999,
P10636,Microtubule-associated protein tau,Homo sapiens,intrinsically_disordered,long,758,rcsb,service_error,,M0,,,,,,1,False,False,9.494,RCSB returned no coordinates for 9B4L.
P10636,Microtubule-associated protein tau,Homo sapiens,intrinsically_disordered,long,758,alphafold,ok,AF-P10636-F1,M4,100.0,100.0,True,49.56,plddt,2,False,False,0.418,
P10636,Microtubule-associated protein tau,Homo sapiens,intrinsically_disordered,long,758,esmatlas,invalid_input,,M0,,,,,,0,False,False,,"Sequence is 758 aa. The public ESM Atlas endpoint is configured here for at most 400 aa because longer requests reliably time out. Use AlphaFold DB or RCSB for this protein, or raise esm_max_length in"
P05067,Amyloid-beta precursor protein,Homo sapiens,membrane_receptor,long,770,rcsb,service_error,,M0,,,,,,1,False,False,12.549,RCSB returned no coordinates for 8KEW.
P05067,Amyloid-beta precursor protein,Homo sapiens,membrane_receptor,long,770,alphafold,ok,AF-P05067-F1,M4,100.0,100.0,True,68.11,plddt,2,False,False,0.582,
P05067,Amyloid-beta precursor protein,Homo sapiens,membrane_receptor,long,770,esmatlas,invalid_input,,M0,,,,,,0,False,False,,"Sequence is 770 aa. The public ESM Atlas endpoint is configured here for at most 400 aa because longer requests reliably time out. Use AlphaFold DB or RCSB for this protein, or raise esm_max_length in"
P00533,Epidermal growth factor receptor,Homo sapiens,membrane_receptor,long,1210,rcsb,service_error,,M0,,,,,,0,False,False,17.104,RCSB sequence search failed after 1 attempt(s): HTTP 400 - <html><body><h1>400 Bad request</h1> Your browser sent an invalid request. </body></html>
P00533,Epidermal growth factor receptor,Homo sapiens,membrane_receptor,long,1210,alphafold,ok,AF-P00533-F1,M4,100.0,100.0,True,76.29,plddt,2,False,False,34.193,
P00533,Epidermal growth factor receptor,Homo sapiens,membrane_receptor,long,1210,esmatlas,invalid_input,,M0,,,,,,0,False,False,,"Sequence is 1210 aa. The public ESM Atlas endpoint is configured here for at most 400 aa because longer requests reliably time out. Use AlphaFold DB or RCSB for this protein, or raise esm_max_length i"
P04626,Receptor tyrosine-protein kinase erbB-2,Homo sapiens,membrane_receptor,long,1255,rcsb,ok,7MN5,M2,50.19,83.98,True,116.48,bfactor,1,False,False,10.84,
P04626,Receptor tyrosine-protein kinase erbB-2,Homo sapiens,membrane_receptor,long,1255,alphafold,ok,AF-P04626-F1,M4,100.0,100.0,True,74.65,plddt,2,False,False,0.816,
P04626,Receptor tyrosine-protein kinase erbB-2,Homo sapiens,membrane_receptor,long,1255,esmatlas,invalid_input,,M0,,,,,,0,False,False,,"Sequence is 1255 aa. The public ESM Atlas endpoint is configured here for at most 400 aa because longer requests reliably time out. Use AlphaFold DB or RCSB for this protein, or raise esm_max_length i"
P06213,Insulin receptor,Homo sapiens,membrane_receptor,long,1382,rcsb,ok,8U4B,M4,100.0,100.0,True,108.77,bfactor,1,False,False,139.888,
P06213,Insulin receptor,Homo sapiens,membrane_receptor,long,1382,alphafold,ok,AF-P06213-F1,M4,100.0,100.0,True,78.35,plddt,2,False,False,3.152,
P06213,Insulin receptor,Homo sapiens,membrane_receptor,long,1382,esmatlas,invalid_input,,M0,,,,,,0,False,False,,"Sequence is 1382 aa. The public ESM Atlas endpoint is configured here for at most 400 aa because longer requests reliably time out. Use AlphaFold DB or RCSB for this protein, or raise esm_max_length i"
P42574,Caspase-3,Homo sapiens,protease,medium,277,rcsb,ok,4PRY,M4,100.0,100.0,True,19.12,bfactor,1,False,False,7.644,
P42574,Caspase-3,Homo sapiens,protease,medium,277,alphafold,ok,AF-P42574-F1,M4,100.0,100.0,True,86.64,plddt,2,False,False,0.446,
P42574,Caspase-3,Homo sapiens,protease,medium,277,esmatlas,ok,ESMFold:277aa,M3,100.0,100.0,False,88.56,plddt,1,False,False,1.462,
P10415,Apoptosis regulator Bcl-2,Homo sapiens,apoptosis_regulator,medium,239,rcsb,ok,2XA0,M3,100.0,86.61,True,40.12,bfactor,1,False,False,2.981,
P10415,Apoptosis regulator Bcl-2,Homo sapiens,apoptosis_regulator,medium,239,alphafold,ok,AF-P10415-F1,M4,100.0,100.0,True,74.21,plddt,2,False,False,0.371,
P10415,Apoptosis regulator Bcl-2,Homo sapiens,apoptosis_regulator,medium,239,esmatlas,ok,ESMFold:239aa,M3,100.0,100.0,False,81.25,plddt,2,True,False,59.156,
P38398,Breast cancer type 1 susceptibility protein,Homo sapiens,dna_repair,long,1863,rcsb,ok,1JNX,M1,100.0,11.49,True,37.77,bfactor,1,False,False,5.229,
P38398,Breast cancer type 1 susceptibility protein,Homo sapiens,dna_repair,long,1863,alphafold,ok,AF-P38398-F1,M4,100.0,100.0,True,41.99,plddt,2,False,False,0.419,
P38398,Breast cancer type 1 susceptibility protein,Homo sapiens,dna_repair,long,1863,esmatlas,invalid_input,,M0,,,,,,0,False,False,,"Sequence is 1863 aa. The public ESM Atlas endpoint is configured here for at most 400 aa because longer requests reliably time out. Use AlphaFold DB or RCSB for this protein, or raise esm_max_length i"
P03372,Oestrogen receptor,Homo sapiens,transcription_factor,long,595,rcsb,ok,2OCF,M2,99.66,50.08,True,68.12,bfactor,1,False,False,4.405,
P03372,Oestrogen receptor,Homo sapiens,transcription_factor,long,595,alphafold,ok,AF-P03372-F1,M4,100.0,100.0,True,67.14,plddt,2,False,False,0.305,
P03372,Oestrogen receptor,Homo sapiens,transcription_factor,long,595,esmatlas,invalid_input,,M0,,,,,,0,False,False,,"Sequence is 595 aa. The public ESM Atlas endpoint is configured here for at most 400 aa because longer requests reliably time out. Use AlphaFold DB or RCSB for this protein, or raise esm_max_length in"
P10275,Androgen receptor,Homo sapiens,transcription_factor,long,920,rcsb,ok,5CJ6,M1,100.0,30.54,True,28.77,bfactor,1,False,False,5.103,
P10275,Androgen receptor,Homo sapiens,transcription_factor,long,920,alphafold,ok,AF-P10275-F1,M4,100.0,100.0,True,58.85,plddt,2,False,False,0.382,
P10275,Androgen receptor,Homo sapiens,transcription_factor,long,920,esmatlas,invalid_input,,M0,,,,,,0,False,False,,"Sequence is 920 aa. The public ESM Atlas endpoint is configured here for at most 400 aa because longer requests reliably time out. Use AlphaFold DB or RCSB for this protein, or raise esm_max_length in"
P0ACJ8,cAMP-activated global transcriptional regulator CRP,Escherichia coli,transcription_factor,medium,210,rcsb,ok,1G6N,M4,100.0,100.0,True,38.5,bfactor,1,False,False,3.78,
P0ACJ8,cAMP-activated global transcriptional regulator CRP,Escherichia coli,transcription_factor,medium,210,alphafold,ok,AF-P0ACJ8-F1,M4,100.0,100.0,True,94.23,plddt,2,False,False,0.275,
P0ACJ8,cAMP-activated global transcriptional regulator CRP,Escherichia coli,transcription_factor,medium,210,esmatlas,ok,ESMFold:210aa,M3,100.0,100.0,False,84.95,plddt,1,False,False,1.232,
P0A799,Phosphoglycerate kinase,Escherichia coli,kinase,long,387,rcsb,ok,1ZMR,M4,100.0,100.0,True,45.48,bfactor,1,False,False,5.09,
P0A799,Phosphoglycerate kinase,Escherichia coli,kinase,long,387,alphafold,ok,AF-P0A799-F1,M4,100.0,100.0,True,96.35,plddt,2,False,False,0.602,
P0A799,Phosphoglycerate kinase,Escherichia coli,kinase,long,387,esmatlas,ok,ESMFold:387aa,M3,100.0,100.0,False,90.27,plddt,1,False,False,4.455,
P00350,6-phosphogluconate dehydrogenase decarboxylating,Escherichia coli,oxidoreductase,long,468,rcsb,ok,2ZYA,M4,99.79,100.0,True,16.09,bfactor,1,False,False,5.625,
P00350,6-phosphogluconate dehydrogenase decarboxylating,Escherichia coli,oxidoreductase,long,468,alphafold,ok,AF-P00350-F1,M4,100.0,100.0,True,98.09,plddt,2,False,False,0.289,
P00350,6-phosphogluconate dehydrogenase decarboxylating,Escherichia coli,oxidoreductase,long,468,esmatlas,invalid_input,,M0,,,,,,0,False,False,,"Sequence is 468 aa. The public ESM Atlas endpoint is configured here for at most 400 aa because longer requests reliably time out. Use AlphaFold DB or RCSB for this protein, or raise esm_max_length in"
P02925,D-ribose-binding periplasmic protein,Escherichia coli,transport,medium,296,rcsb,ok,1URP,M3,100.0,91.55,True,32.58,bfactor,1,False,False,5.975,
P02925,D-ribose-binding periplasmic protein,Escherichia coli,transport,medium,296,alphafold,ok,AF-P02925-F1,M4,100.0,100.0,True,94.7,plddt,2,False,False,0.315,
P02925,D-ribose-binding periplasmic protein,Escherichia coli,transport,medium,296,esmatlas,ok,ESMFold:296aa,M3,100.0,100.0,False,97.12,plddt,1,False,False,2.67,
P00004,Cytochrome c,Equus caballus,electron_transport,short,105,rcsb,service_error,,M0,,,,,,1,False,False,5.932,RCSB returned no coordinates for 3JBT.
P00004,Cytochrome c,Equus caballus,electron_transport,short,105,alphafold,ok,AF-P00004-F1,M4,100.0,100.0,True,98.01,plddt,2,False,False,0.287,
P00004,Cytochrome c,Equus caballus,electron_transport,short,105,esmatlas,ok,ESMFold:105aa,M3,100.0,100.0,False,86.25,plddt,1,False,False,0.844,
P02754,Beta-lactoglobulin,Bos taurus,transport,medium,178,rcsb,ok,6NKQ,M4,100.0,100.0,True,100.55,bfactor,1,False,False,5.753,
P02754,Beta-lactoglobulin,Bos taurus,transport,medium,178,alphafold,ok,AF-P02754-F1,M4,100.0,100.0,True,91.61,plddt,2,False,False,0.382,
P02754,Beta-lactoglobulin,Bos taurus,transport,medium,178,esmatlas,ok,ESMFold:178aa,M3,100.0,100.0,False,76.73,plddt,1,False,False,1.82,
P00711,Alpha-lactalbumin,Bos taurus,calcium_binding,short,142,rcsb,ok,1F6R,M3,100.0,86.62,True,35.9,bfactor,1,False,False,3.874,
P00711,Alpha-lactalbumin,Bos taurus,calcium_binding,short,142,alphafold,ok,AF-P00711-F1,M4,100.0,100.0,True,91.59,plddt,2,False,False,0.373,
P00711,Alpha-lactalbumin,Bos taurus,calcium_binding,short,142,esmatlas,ok,ESMFold:142aa,M3,100.0,100.0,False,79.68,plddt,1,False,False,0.991,
P01857,Immunoglobulin heavy constant gamma 1,Homo sapiens,immune,long,399,rcsb,ok,36AZ,M3,100.0,82.71,False,96.14,bfactor,1,False,False,11.427,
P01857,Immunoglobulin heavy constant gamma 1,Homo sapiens,immune,long,399,alphafold,ok,AF-P01857-F1,M4,100.0,100.0,True,87.11,plddt,2,False,False,5.301,
P01857,Immunoglobulin heavy constant gamma 1,Homo sapiens,immune,long,399,esmatlas,ok,ESMFold:399aa,M3,100.0,100.0,False,76.16,plddt,1,False,False,3.613,
P01834,Immunoglobulin kappa constant,Homo sapiens,immune,short,107,rcsb,not_found,,M0,,,,,,1,False,False,8.695,RCSB has no entry 10BT.
P01834,Immunoglobulin kappa constant,Homo sapiens,immune,short,107,alphafold,ok,AF-P01834-F1,M4,100.0,100.0,True,96.99,plddt,2,False,False,8.228,
P01834,Immunoglobulin kappa constant,Homo sapiens,immune,short,107,esmatlas,ok,ESMFold:107aa,M3,100.0,100.0,False,87.98,plddt,1,False,False,5.281,
P02452,Collagen alpha-1(I) chain,Homo sapiens,structural,long,1464,rcsb,ok,7E7B,M1,38.29,93.31,True,44.24,bfactor,1,False,False,40.949,
P02452,Collagen alpha-1(I) chain,Homo sapiens,structural,long,1464,alphafold,ok,AF-P02452-F1,M4,100.0,100.0,True,54.26,plddt,2,False,False,11.916,
P02452,Collagen alpha-1(I) chain,Homo sapiens,structural,long,1464,esmatlas,invalid_input,,M0,,,,,,0,False,False,,"Sequence is 1464 aa. The public ESM Atlas endpoint is configured here for at most 400 aa because longer requests reliably time out. Use AlphaFold DB or RCSB for this protein, or raise esm_max_length i"
P02751,Fibronectin,Homo sapiens,extracellular_matrix,long,2477,rcsb,ok,3T1W,M1,100.0,15.14,True,60.41,bfactor,1,False,False,5.453,
P02751,Fibronectin,Homo sapiens,extracellular_matrix,long,2477,alphafold,ok,AF-P02751-F1,M4,100.0,100.0,True,70.23,plddt,2,False,False,0.502,
P02751,Fibronectin,Homo sapiens,extracellular_matrix,long,2477,esmatlas,invalid_input,,M0,,,,,,0,False,False,,"Sequence is 2477 aa. The public ESM Atlas endpoint is configured here for at most 400 aa because longer requests reliably time out. Use AlphaFold DB or RCSB for this protein, or raise esm_max_length i"
